-- phpMyAdmin SQL Dump
-- version 5.2.1
-- https://www.phpmyadmin.net/
--
-- Host: 127.0.0.1
-- Generation Time: Jul 15, 2024 at 01:33 PM
-- Server version: 10.4.28-MariaDB
-- PHP Version: 8.0.28

SET SQL_MODE = "NO_AUTO_VALUE_ON_ZERO";
START TRANSACTION;
SET time_zone = "+00:00";


/*!40101 SET @OLD_CHARACTER_SET_CLIENT=@@CHARACTER_SET_CLIENT */;
/*!40101 SET @OLD_CHARACTER_SET_RESULTS=@@CHARACTER_SET_RESULTS */;
/*!40101 SET @OLD_COLLATION_CONNECTION=@@COLLATION_CONNECTION */;
/*!40101 SET NAMES utf8mb4 */;

--
-- Database: `navbat_laravel`
--

-- --------------------------------------------------------

--
-- Table structure for table `failed_jobs`
--

CREATE TABLE `failed_jobs` (
  `id` bigint(20) UNSIGNED NOT NULL,
  `uuid` varchar(255) NOT NULL,
  `connection` text NOT NULL,
  `queue` text NOT NULL,
  `payload` longtext NOT NULL,
  `exception` longtext NOT NULL,
  `failed_at` timestamp NOT NULL DEFAULT current_timestamp()
) ENGINE=InnoDB DEFAULT CHARSET=utf8mb4 COLLATE=utf8mb4_unicode_ci;

-- --------------------------------------------------------

--
-- Table structure for table `migrations`
--

CREATE TABLE `migrations` (
  `id` int(10) UNSIGNED NOT NULL,
  `migration` varchar(255) NOT NULL,
  `batch` int(11) NOT NULL
) ENGINE=InnoDB DEFAULT CHARSET=utf8mb4 COLLATE=utf8mb4_unicode_ci;

--
-- Dumping data for table `migrations`
--

INSERT INTO `migrations` (`id`, `migration`, `batch`) VALUES
(1, '2014_10_12_000000_create_users_table', 1),
(2, '2014_10_12_100000_create_password_resets_table', 1),
(3, '2019_08_19_000000_create_failed_jobs_table', 1),
(4, '2019_12_14_000001_create_personal_access_tokens_table', 1),
(5, '2024_07_07_123910_add_zoom_token_to_users_table', 1),
(6, '2024_07_10_130655_create_vaqt_table', 2),
(7, '2024_07_12_081423_create_navbat_table', 3);

-- --------------------------------------------------------

--
-- Table structure for table `navbat`
--

CREATE TABLE `navbat` (
  `id` int(11) UNSIGNED NOT NULL,
  `userid` int(11) DEFAULT NULL,
  `sana` varchar(255) DEFAULT NULL,
  `vaqt` varchar(255) DEFAULT NULL,
  `ism` varchar(255) DEFAULT NULL,
  `tel` varchar(255) DEFAULT NULL,
  `maqsad` varchar(255) DEFAULT NULL,
  `status` int(11) NOT NULL DEFAULT 0,
  `created_at` timestamp NULL DEFAULT NULL,
  `updated_at` timestamp NULL DEFAULT NULL,
  `xizmatkorsatildi` int(11) NOT NULL DEFAULT 0
) ENGINE=InnoDB DEFAULT CHARSET=utf8mb4 COLLATE=utf8mb4_unicode_ci;

--
-- Dumping data for table `navbat`
--

INSERT INTO `navbat` (`id`, `userid`, `sana`, `vaqt`, `ism`, `tel`, `maqsad`, `status`, `created_at`, `updated_at`, `xizmatkorsatildi`) VALUES
(11, 29, '2024-07-15', '16:30', 'alisher', '994997364', 'tish og`rig`i', 1, '2024-07-13 09:26:14', '2024-07-13 09:40:00', 1),
(14, 29, '2024-07-13', '08:00', 'test', 'test', 'test', 0, '2024-07-13 10:16:15', '2024-07-13 10:16:15', 0),
(15, 29, '2024-07-13', '17:00', 'test', 'test', 'test', 0, '2024-07-13 10:16:24', '2024-07-13 10:16:24', 0),
(16, 29, '2024-07-16', '13:00', 'kamoldin', '994997364', 'test', 0, '2024-07-15 06:26:17', '2024-07-15 06:26:17', 0);

-- --------------------------------------------------------

--
-- Table structure for table `password_resets`
--

CREATE TABLE `password_resets` (
  `email` varchar(255) NOT NULL,
  `token` varchar(255) NOT NULL,
  `created_at` timestamp NULL DEFAULT NULL
) ENGINE=InnoDB DEFAULT CHARSET=utf8mb4 COLLATE=utf8mb4_unicode_ci;

-- --------------------------------------------------------

--
-- Table structure for table `personal_access_tokens`
--

CREATE TABLE `personal_access_tokens` (
  `id` bigint(20) UNSIGNED NOT NULL,
  `tokenable_type` varchar(255) NOT NULL,
  `tokenable_id` bigint(20) UNSIGNED NOT NULL,
  `name` varchar(255) NOT NULL,
  `token` varchar(64) NOT NULL,
  `abilities` text DEFAULT NULL,
  `last_used_at` timestamp NULL DEFAULT NULL,
  `expires_at` timestamp NULL DEFAULT NULL,
  `created_at` timestamp NULL DEFAULT NULL,
  `updated_at` timestamp NULL DEFAULT NULL
) ENGINE=InnoDB DEFAULT CHARSET=utf8mb4 COLLATE=utf8mb4_unicode_ci;

-- --------------------------------------------------------

--
-- Table structure for table `users`
--

CREATE TABLE `users` (
  `id` bigint(20) UNSIGNED NOT NULL,
  `name` varchar(255) NOT NULL,
  `email` varchar(255) NOT NULL,
  `password` varchar(255) NOT NULL,
  `type` varchar(100) CHARACTER SET utf8 COLLATE utf8_unicode_ci NOT NULL,
  `remember_token` varchar(100) DEFAULT NULL,
  `muddat` date DEFAULT NULL,
  `firmaid` int(11) DEFAULT 0,
  `created_at` timestamp NULL DEFAULT NULL,
  `updated_at` timestamp NULL DEFAULT NULL,
  `manzil` varchar(400) CHARACTER SET utf8 COLLATE utf8_unicode_ci DEFAULT NULL,
  `tel` varchar(200) CHARACTER SET utf8 COLLATE utf8_unicode_ci DEFAULT NULL,
  `mutaxassislik` varchar(200) CHARACTER SET utf8 COLLATE utf8_unicode_ci DEFAULT NULL
) ENGINE=InnoDB DEFAULT CHARSET=utf8mb4 COLLATE=utf8mb4_unicode_ci;

--
-- Dumping data for table `users`
--

INSERT INTO `users` (`id`, `name`, `email`, `password`, `type`, `remember_token`, `muddat`, `firmaid`, `created_at`, `updated_at`, `manzil`, `tel`, `mutaxassislik`) VALUES
(1, 'alisher', 'alisherismailov1991@gmail.com', '$2y$10$LiB6ioyAaQOLjPrLgpjQ4OXyBVxpqsPkWICP3pb/j.S7YEclbLp3q', 'superadmin', NULL, '2024-08-04', 0, '2024-04-19 10:55:12', '2024-07-04 11:10:32', NULL, NULL, NULL),
(28, 'alisher', 'alisher', '$2y$10$lftSN6cocqLcS7RWITqmwuJy2o01q5bS9LUXa5f2RuWL9dVGEcVE2', 'admin', NULL, NULL, 0, '2024-07-10 06:31:13', '2024-07-10 06:31:13', 'andijon', '994997364', NULL),
(29, 'Kamoldin', 'Kamoldin', '$2y$10$qUPtxAGA51RylWWnzDIEd.Ji00cQmUkKKRQYo.25VrVsm12WvTwV2', 'admin', NULL, NULL, 0, '2024-07-11 08:16:26', '2024-07-11 08:16:26', 'andijon', '994997364', 'Kamoldin');

-- --------------------------------------------------------

--
-- Table structure for table `vaqt`
--

CREATE TABLE `vaqt` (
  `id` bigint(20) UNSIGNED NOT NULL,
  `userid` int(11) DEFAULT NULL,
  `kun` varchar(100) CHARACTER SET utf8 COLLATE utf8_unicode_ci DEFAULT NULL,
  `vaqt` varchar(100) CHARACTER SET utf8 COLLATE utf8_unicode_ci DEFAULT NULL,
  `created_at` timestamp NULL DEFAULT NULL,
  `updated_at` timestamp NULL DEFAULT NULL
) ENGINE=InnoDB DEFAULT CHARSET=utf8mb4 COLLATE=utf8mb4_unicode_ci;

--
-- Dumping data for table `vaqt`
--

INSERT INTO `vaqt` (`id`, `userid`, `kun`, `vaqt`, `created_at`, `updated_at`) VALUES
(71, 1, '1', '08:00', '2024-07-11 05:21:22', '2024-07-11 05:21:22'),
(72, 1, '1', '08:20', '2024-07-11 05:21:22', '2024-07-11 05:21:22'),
(73, 1, '1', '08:40', '2024-07-11 05:21:22', '2024-07-11 05:21:22'),
(74, 1, '1', '09:00', '2024-07-11 05:21:22', '2024-07-11 05:21:22'),
(75, 1, '1', '09:20', '2024-07-11 05:21:22', '2024-07-11 05:21:22'),
(76, 1, '1', '09:40', '2024-07-11 05:21:22', '2024-07-11 05:21:22'),
(77, 1, '1', '10:00', '2024-07-11 05:21:22', '2024-07-11 05:21:22'),
(78, 1, '1', '10:20', '2024-07-11 05:21:22', '2024-07-11 05:21:22'),
(79, 1, '1', '10:40', '2024-07-11 05:21:22', '2024-07-11 05:21:22'),
(80, 1, '1', '11:00', '2024-07-11 05:21:22', '2024-07-11 05:21:22'),
(81, 1, '1', '11:20', '2024-07-11 05:21:22', '2024-07-11 05:21:22'),
(82, 1, '1', '11:40', '2024-07-11 05:21:22', '2024-07-11 05:21:22'),
(86, 1, '1', '13:00', '2024-07-11 05:21:22', '2024-07-11 05:21:22'),
(87, 1, '1', '13:20', '2024-07-11 05:21:22', '2024-07-11 05:21:22'),
(88, 1, '1', '13:40', '2024-07-11 05:21:22', '2024-07-11 05:21:22'),
(89, 1, '1', '14:00', '2024-07-11 05:21:22', '2024-07-11 05:21:22'),
(90, 1, '1', '14:20', '2024-07-11 05:21:22', '2024-07-11 05:21:22'),
(91, 1, '1', '14:40', '2024-07-11 05:21:22', '2024-07-11 05:21:22'),
(92, 1, '1', '15:00', '2024-07-11 05:21:22', '2024-07-11 05:21:22'),
(93, 1, '1', '15:20', '2024-07-11 05:21:22', '2024-07-11 05:21:22'),
(94, 1, '1', '15:40', '2024-07-11 05:21:22', '2024-07-11 05:21:22'),
(95, 1, '1', '16:00', '2024-07-11 05:21:22', '2024-07-11 05:21:22'),
(96, 1, '1', '16:20', '2024-07-11 05:21:22', '2024-07-11 05:21:22'),
(97, 1, '1', '16:40', '2024-07-11 05:21:22', '2024-07-11 05:21:22'),
(98, 1, '1', '17:00', '2024-07-11 05:21:22', '2024-07-11 05:21:22'),
(99, 1, '2', '08:00', '2024-07-11 05:21:22', '2024-07-11 05:21:22'),
(100, 1, '2', '08:20', '2024-07-11 05:21:22', '2024-07-11 05:21:22'),
(101, 1, '2', '08:40', '2024-07-11 05:21:22', '2024-07-11 05:21:22'),
(102, 1, '2', '09:00', '2024-07-11 05:21:22', '2024-07-11 05:21:22'),
(103, 1, '2', '09:20', '2024-07-11 05:21:22', '2024-07-11 05:21:22'),
(104, 1, '2', '09:40', '2024-07-11 05:21:22', '2024-07-11 05:21:22'),
(105, 1, '2', '10:00', '2024-07-11 05:21:22', '2024-07-11 05:21:22'),
(106, 1, '2', '10:20', '2024-07-11 05:21:22', '2024-07-11 05:21:22'),
(107, 1, '2', '10:40', '2024-07-11 05:21:22', '2024-07-11 05:21:22'),
(108, 1, '2', '11:00', '2024-07-11 05:21:22', '2024-07-11 05:21:22'),
(109, 1, '2', '11:20', '2024-07-11 05:21:22', '2024-07-11 05:21:22'),
(110, 1, '2', '11:40', '2024-07-11 05:21:22', '2024-07-11 05:21:22'),
(114, 1, '2', '13:00', '2024-07-11 05:21:22', '2024-07-11 05:21:22'),
(115, 1, '2', '13:20', '2024-07-11 05:21:22', '2024-07-11 05:21:22'),
(116, 1, '2', '13:40', '2024-07-11 05:21:22', '2024-07-11 05:21:22'),
(117, 1, '2', '14:00', '2024-07-11 05:21:22', '2024-07-11 05:21:22'),
(118, 1, '2', '14:20', '2024-07-11 05:21:22', '2024-07-11 05:21:22'),
(119, 1, '2', '14:40', '2024-07-11 05:21:22', '2024-07-11 05:21:22'),
(120, 1, '2', '15:00', '2024-07-11 05:21:22', '2024-07-11 05:21:22'),
(121, 1, '2', '15:20', '2024-07-11 05:21:22', '2024-07-11 05:21:22'),
(122, 1, '2', '15:40', '2024-07-11 05:21:22', '2024-07-11 05:21:22'),
(123, 1, '2', '16:00', '2024-07-11 05:21:22', '2024-07-11 05:21:22'),
(124, 1, '2', '16:20', '2024-07-11 05:21:22', '2024-07-11 05:21:22'),
(125, 1, '2', '16:40', '2024-07-11 05:21:22', '2024-07-11 05:21:22'),
(126, 1, '2', '17:00', '2024-07-11 05:21:22', '2024-07-11 05:21:22'),
(127, 1, '3', '08:00', '2024-07-11 05:21:22', '2024-07-11 05:21:22'),
(128, 1, '3', '08:20', '2024-07-11 05:21:22', '2024-07-11 05:21:22'),
(129, 1, '3', '08:40', '2024-07-11 05:21:22', '2024-07-11 05:21:22'),
(130, 1, '3', '09:00', '2024-07-11 05:21:22', '2024-07-11 05:21:22'),
(131, 1, '3', '09:20', '2024-07-11 05:21:22', '2024-07-11 05:21:22'),
(132, 1, '3', '09:40', '2024-07-11 05:21:22', '2024-07-11 05:21:22'),
(133, 1, '3', '10:00', '2024-07-11 05:21:22', '2024-07-11 05:21:22'),
(134, 1, '3', '10:20', '2024-07-11 05:21:22', '2024-07-11 05:21:22'),
(135, 1, '3', '10:40', '2024-07-11 05:21:22', '2024-07-11 05:21:22'),
(136, 1, '3', '11:00', '2024-07-11 05:21:22', '2024-07-11 05:21:22'),
(137, 1, '3', '11:20', '2024-07-11 05:21:22', '2024-07-11 05:21:22'),
(138, 1, '3', '11:40', '2024-07-11 05:21:22', '2024-07-11 05:21:22'),
(142, 1, '3', '13:00', '2024-07-11 05:21:22', '2024-07-11 05:21:22'),
(143, 1, '3', '13:20', '2024-07-11 05:21:22', '2024-07-11 05:21:22'),
(144, 1, '3', '13:40', '2024-07-11 05:21:22', '2024-07-11 05:21:22'),
(145, 1, '3', '14:00', '2024-07-11 05:21:22', '2024-07-11 05:21:22'),
(146, 1, '3', '14:20', '2024-07-11 05:21:22', '2024-07-11 05:21:22'),
(147, 1, '3', '14:40', '2024-07-11 05:21:22', '2024-07-11 05:21:22'),
(148, 1, '3', '15:00', '2024-07-11 05:21:22', '2024-07-11 05:21:22'),
(149, 1, '3', '15:20', '2024-07-11 05:21:22', '2024-07-11 05:21:22'),
(150, 1, '3', '15:40', '2024-07-11 05:21:22', '2024-07-11 05:21:22'),
(151, 1, '3', '16:00', '2024-07-11 05:21:22', '2024-07-11 05:21:22'),
(152, 1, '3', '16:20', '2024-07-11 05:21:22', '2024-07-11 05:21:22'),
(153, 1, '3', '16:40', '2024-07-11 05:21:22', '2024-07-11 05:21:22'),
(154, 1, '3', '17:00', '2024-07-11 05:21:22', '2024-07-11 05:21:22'),
(155, 1, '4', '08:00', '2024-07-11 05:21:22', '2024-07-11 05:21:22'),
(156, 1, '4', '08:20', '2024-07-11 05:21:22', '2024-07-11 05:21:22'),
(157, 1, '4', '08:40', '2024-07-11 05:21:22', '2024-07-11 05:21:22'),
(158, 1, '4', '09:00', '2024-07-11 05:21:22', '2024-07-11 05:21:22'),
(159, 1, '4', '09:20', '2024-07-11 05:21:22', '2024-07-11 05:21:22'),
(160, 1, '4', '09:40', '2024-07-11 05:21:22', '2024-07-11 05:21:22'),
(161, 1, '4', '10:00', '2024-07-11 05:21:22', '2024-07-11 05:21:22'),
(162, 1, '4', '10:20', '2024-07-11 05:21:22', '2024-07-11 05:21:22'),
(163, 1, '4', '10:40', '2024-07-11 05:21:22', '2024-07-11 05:21:22'),
(164, 1, '4', '11:00', '2024-07-11 05:21:22', '2024-07-11 05:21:22'),
(165, 1, '4', '11:20', '2024-07-11 05:21:22', '2024-07-11 05:21:22'),
(166, 1, '4', '11:40', '2024-07-11 05:21:22', '2024-07-11 05:21:22'),
(170, 1, '4', '13:00', '2024-07-11 05:21:22', '2024-07-11 05:21:22'),
(171, 1, '4', '13:20', '2024-07-11 05:21:22', '2024-07-11 05:21:22'),
(172, 1, '4', '13:40', '2024-07-11 05:21:22', '2024-07-11 05:21:22'),
(173, 1, '4', '14:00', '2024-07-11 05:21:22', '2024-07-11 05:21:22'),
(174, 1, '4', '14:20', '2024-07-11 05:21:22', '2024-07-11 05:21:22'),
(175, 1, '4', '14:40', '2024-07-11 05:21:22', '2024-07-11 05:21:22'),
(176, 1, '4', '15:00', '2024-07-11 05:21:22', '2024-07-11 05:21:22'),
(177, 1, '4', '15:20', '2024-07-11 05:21:22', '2024-07-11 05:21:22'),
(178, 1, '4', '15:40', '2024-07-11 05:21:22', '2024-07-11 05:21:22'),
(179, 1, '4', '16:00', '2024-07-11 05:21:22', '2024-07-11 05:21:22'),
(180, 1, '4', '16:20', '2024-07-11 05:21:22', '2024-07-11 05:21:22'),
(181, 1, '4', '16:40', '2024-07-11 05:21:22', '2024-07-11 05:21:22'),
(182, 1, '4', '17:00', '2024-07-11 05:21:22', '2024-07-11 05:21:22'),
(183, 1, '5', '08:00', '2024-07-11 05:21:22', '2024-07-11 05:21:22'),
(184, 1, '5', '08:20', '2024-07-11 05:21:22', '2024-07-11 05:21:22'),
(185, 1, '5', '08:40', '2024-07-11 05:21:22', '2024-07-11 05:21:22'),
(186, 1, '5', '09:00', '2024-07-11 05:21:22', '2024-07-11 05:21:22'),
(187, 1, '5', '09:20', '2024-07-11 05:21:22', '2024-07-11 05:21:22'),
(188, 1, '5', '09:40', '2024-07-11 05:21:22', '2024-07-11 05:21:22'),
(189, 1, '5', '10:00', '2024-07-11 05:21:22', '2024-07-11 05:21:22'),
(190, 1, '5', '10:20', '2024-07-11 05:21:22', '2024-07-11 05:21:22'),
(191, 1, '5', '10:40', '2024-07-11 05:21:22', '2024-07-11 05:21:22'),
(192, 1, '5', '11:00', '2024-07-11 05:21:22', '2024-07-11 05:21:22'),
(193, 1, '5', '11:20', '2024-07-11 05:21:22', '2024-07-11 05:21:22'),
(194, 1, '5', '11:40', '2024-07-11 05:21:22', '2024-07-11 05:21:22'),
(198, 1, '5', '13:00', '2024-07-11 05:21:23', '2024-07-11 05:21:23'),
(199, 1, '5', '13:20', '2024-07-11 05:21:23', '2024-07-11 05:21:23'),
(200, 1, '5', '13:40', '2024-07-11 05:21:23', '2024-07-11 05:21:23'),
(201, 1, '5', '14:00', '2024-07-11 05:21:23', '2024-07-11 05:21:23'),
(202, 1, '5', '14:20', '2024-07-11 05:21:23', '2024-07-11 05:21:23'),
(203, 1, '5', '14:40', '2024-07-11 05:21:23', '2024-07-11 05:21:23'),
(204, 1, '5', '15:00', '2024-07-11 05:21:23', '2024-07-11 05:21:23'),
(205, 1, '5', '15:20', '2024-07-11 05:21:23', '2024-07-11 05:21:23'),
(206, 1, '5', '15:40', '2024-07-11 05:21:23', '2024-07-11 05:21:23'),
(207, 1, '5', '16:00', '2024-07-11 05:21:23', '2024-07-11 05:21:23'),
(208, 1, '5', '16:20', '2024-07-11 05:21:23', '2024-07-11 05:21:23'),
(209, 1, '5', '16:40', '2024-07-11 05:21:23', '2024-07-11 05:21:23'),
(210, 1, '5', '17:00', '2024-07-11 05:21:23', '2024-07-11 05:21:23'),
(211, 1, '6', '08:00', '2024-07-11 05:21:23', '2024-07-11 05:21:23'),
(212, 1, '6', '08:20', '2024-07-11 05:21:23', '2024-07-11 05:21:23'),
(213, 1, '6', '08:40', '2024-07-11 05:21:23', '2024-07-11 05:21:23'),
(214, 1, '6', '09:00', '2024-07-11 05:21:23', '2024-07-11 05:21:23'),
(215, 1, '6', '09:20', '2024-07-11 05:21:23', '2024-07-11 05:21:23'),
(216, 1, '6', '09:40', '2024-07-11 05:21:23', '2024-07-11 05:21:23'),
(217, 1, '6', '10:00', '2024-07-11 05:21:23', '2024-07-11 05:21:23'),
(218, 1, '6', '10:20', '2024-07-11 05:21:23', '2024-07-11 05:21:23'),
(219, 1, '6', '10:40', '2024-07-11 05:21:23', '2024-07-11 05:21:23'),
(220, 1, '6', '11:00', '2024-07-11 05:21:23', '2024-07-11 05:21:23'),
(221, 1, '6', '11:20', '2024-07-11 05:21:23', '2024-07-11 05:21:23'),
(222, 1, '6', '11:40', '2024-07-11 05:21:23', '2024-07-11 05:21:23'),
(226, 1, '6', '13:00', '2024-07-11 05:21:23', '2024-07-11 05:21:23'),
(227, 1, '6', '13:20', '2024-07-11 05:21:23', '2024-07-11 05:21:23'),
(228, 1, '6', '13:40', '2024-07-11 05:21:23', '2024-07-11 05:21:23'),
(229, 1, '6', '14:00', '2024-07-11 05:21:23', '2024-07-11 05:21:23'),
(230, 1, '6', '14:20', '2024-07-11 05:21:23', '2024-07-11 05:21:23'),
(231, 1, '6', '14:40', '2024-07-11 05:21:23', '2024-07-11 05:21:23'),
(232, 1, '6', '15:00', '2024-07-11 05:21:23', '2024-07-11 05:21:23'),
(233, 1, '6', '15:20', '2024-07-11 05:21:23', '2024-07-11 05:21:23'),
(234, 1, '6', '15:40', '2024-07-11 05:21:23', '2024-07-11 05:21:23'),
(235, 1, '6', '16:00', '2024-07-11 05:21:23', '2024-07-11 05:21:23'),
(236, 1, '6', '16:20', '2024-07-11 05:21:23', '2024-07-11 05:21:23'),
(237, 1, '6', '16:40', '2024-07-11 05:21:23', '2024-07-11 05:21:23'),
(238, 1, '6', '17:00', '2024-07-11 05:21:23', '2024-07-11 05:21:23'),
(267, 29, '1', '08:00', '2024-07-11 08:16:51', '2024-07-11 08:16:51'),
(268, 29, '1', '08:30', '2024-07-11 08:16:51', '2024-07-11 08:16:51'),
(269, 29, '1', '09:00', '2024-07-11 08:16:51', '2024-07-11 08:16:51'),
(270, 29, '1', '09:30', '2024-07-11 08:16:51', '2024-07-11 08:16:51'),
(271, 29, '1', '10:00', '2024-07-11 08:16:51', '2024-07-11 08:16:51'),
(272, 29, '1', '10:30', '2024-07-11 08:16:51', '2024-07-11 08:16:51'),
(273, 29, '1', '11:00', '2024-07-11 08:16:51', '2024-07-11 08:16:51'),
(274, 29, '1', '11:30', '2024-07-11 08:16:51', '2024-07-11 08:16:51'),
(277, 29, '1', '13:00', '2024-07-11 08:16:51', '2024-07-11 08:16:51'),
(278, 29, '1', '13:30', '2024-07-11 08:16:51', '2024-07-11 08:16:51'),
(279, 29, '1', '14:00', '2024-07-11 08:16:51', '2024-07-11 08:16:51'),
(280, 29, '1', '14:30', '2024-07-11 08:16:51', '2024-07-11 08:16:51'),
(281, 29, '1', '15:00', '2024-07-11 08:16:51', '2024-07-11 08:16:51'),
(282, 29, '1', '15:30', '2024-07-11 08:16:51', '2024-07-11 08:16:51'),
(283, 29, '1', '16:00', '2024-07-11 08:16:51', '2024-07-11 08:16:51'),
(284, 29, '1', '16:30', '2024-07-11 08:16:51', '2024-07-11 08:16:51'),
(285, 29, '1', '17:00', '2024-07-11 08:16:51', '2024-07-11 08:16:51'),
(286, 29, '2', '08:00', '2024-07-11 08:16:51', '2024-07-11 08:16:51'),
(287, 29, '2', '08:30', '2024-07-11 08:16:51', '2024-07-11 08:16:51'),
(288, 29, '2', '09:00', '2024-07-11 08:16:51', '2024-07-11 08:16:51'),
(289, 29, '2', '09:30', '2024-07-11 08:16:51', '2024-07-11 08:16:51'),
(290, 29, '2', '10:00', '2024-07-11 08:16:51', '2024-07-11 08:16:51'),
(291, 29, '2', '10:30', '2024-07-11 08:16:51', '2024-07-11 08:16:51'),
(292, 29, '2', '11:00', '2024-07-11 08:16:51', '2024-07-11 08:16:51'),
(293, 29, '2', '11:30', '2024-07-11 08:16:51', '2024-07-11 08:16:51'),
(296, 29, '2', '13:00', '2024-07-11 08:16:51', '2024-07-11 08:16:51'),
(297, 29, '2', '13:30', '2024-07-11 08:16:51', '2024-07-11 08:16:51'),
(298, 29, '2', '14:00', '2024-07-11 08:16:51', '2024-07-11 08:16:51'),
(299, 29, '2', '14:30', '2024-07-11 08:16:51', '2024-07-11 08:16:51'),
(300, 29, '2', '15:00', '2024-07-11 08:16:51', '2024-07-11 08:16:51'),
(301, 29, '2', '15:30', '2024-07-11 08:16:51', '2024-07-11 08:16:51'),
(302, 29, '2', '16:00', '2024-07-11 08:16:51', '2024-07-11 08:16:51'),
(303, 29, '2', '16:30', '2024-07-11 08:16:51', '2024-07-11 08:16:51'),
(304, 29, '2', '17:00', '2024-07-11 08:16:51', '2024-07-11 08:16:51'),
(305, 29, '3', '08:00', '2024-07-11 08:16:51', '2024-07-11 08:16:51'),
(306, 29, '3', '08:30', '2024-07-11 08:16:51', '2024-07-11 08:16:51'),
(307, 29, '3', '09:00', '2024-07-11 08:16:51', '2024-07-11 08:16:51'),
(308, 29, '3', '09:30', '2024-07-11 08:16:51', '2024-07-11 08:16:51'),
(309, 29, '3', '10:00', '2024-07-11 08:16:51', '2024-07-11 08:16:51'),
(310, 29, '3', '10:30', '2024-07-11 08:16:51', '2024-07-11 08:16:51'),
(311, 29, '3', '11:00', '2024-07-11 08:16:51', '2024-07-11 08:16:51'),
(312, 29, '3', '11:30', '2024-07-11 08:16:51', '2024-07-11 08:16:51'),
(315, 29, '3', '13:00', '2024-07-11 08:16:51', '2024-07-11 08:16:51'),
(316, 29, '3', '13:30', '2024-07-11 08:16:51', '2024-07-11 08:16:51'),
(317, 29, '3', '14:00', '2024-07-11 08:16:51', '2024-07-11 08:16:51'),
(318, 29, '3', '14:30', '2024-07-11 08:16:51', '2024-07-11 08:16:51'),
(319, 29, '3', '15:00', '2024-07-11 08:16:51', '2024-07-11 08:16:51'),
(320, 29, '3', '15:30', '2024-07-11 08:16:51', '2024-07-11 08:16:51'),
(321, 29, '3', '16:00', '2024-07-11 08:16:51', '2024-07-11 08:16:51'),
(322, 29, '3', '16:30', '2024-07-11 08:16:51', '2024-07-11 08:16:51'),
(323, 29, '3', '17:00', '2024-07-11 08:16:51', '2024-07-11 08:16:51'),
(324, 29, '4', '08:00', '2024-07-11 08:16:51', '2024-07-11 08:16:51'),
(325, 29, '4', '08:30', '2024-07-11 08:16:51', '2024-07-11 08:16:51'),
(326, 29, '4', '09:00', '2024-07-11 08:16:51', '2024-07-11 08:16:51'),
(327, 29, '4', '09:30', '2024-07-11 08:16:51', '2024-07-11 08:16:51'),
(328, 29, '4', '10:00', '2024-07-11 08:16:51', '2024-07-11 08:16:51'),
(329, 29, '4', '10:30', '2024-07-11 08:16:51', '2024-07-11 08:16:51'),
(330, 29, '4', '11:00', '2024-07-11 08:16:51', '2024-07-11 08:16:51'),
(331, 29, '4', '11:30', '2024-07-11 08:16:51', '2024-07-11 08:16:51'),
(334, 29, '4', '13:00', '2024-07-11 08:16:51', '2024-07-11 08:16:51'),
(335, 29, '4', '13:30', '2024-07-11 08:16:51', '2024-07-11 08:16:51'),
(336, 29, '4', '14:00', '2024-07-11 08:16:51', '2024-07-11 08:16:51'),
(337, 29, '4', '14:30', '2024-07-11 08:16:51', '2024-07-11 08:16:51'),
(338, 29, '4', '15:00', '2024-07-11 08:16:51', '2024-07-11 08:16:51'),
(339, 29, '4', '15:30', '2024-07-11 08:16:51', '2024-07-11 08:16:51'),
(340, 29, '4', '16:00', '2024-07-11 08:16:51', '2024-07-11 08:16:51'),
(341, 29, '4', '16:30', '2024-07-11 08:16:51', '2024-07-11 08:16:51'),
(342, 29, '4', '17:00', '2024-07-11 08:16:51', '2024-07-11 08:16:51'),
(343, 29, '5', '08:00', '2024-07-11 08:16:51', '2024-07-11 08:16:51'),
(344, 29, '5', '08:30', '2024-07-11 08:16:51', '2024-07-11 08:16:51'),
(345, 29, '5', '09:00', '2024-07-11 08:16:51', '2024-07-11 08:16:51'),
(346, 29, '5', '09:30', '2024-07-11 08:16:51', '2024-07-11 08:16:51'),
(347, 29, '5', '10:00', '2024-07-11 08:16:51', '2024-07-11 08:16:51'),
(348, 29, '5', '10:30', '2024-07-11 08:16:51', '2024-07-11 08:16:51'),
(349, 29, '5', '11:00', '2024-07-11 08:16:51', '2024-07-11 08:16:51'),
(350, 29, '5', '11:30', '2024-07-11 08:16:51', '2024-07-11 08:16:51'),
(353, 29, '5', '13:00', '2024-07-11 08:16:51', '2024-07-11 08:16:51'),
(354, 29, '5', '13:30', '2024-07-11 08:16:51', '2024-07-11 08:16:51'),
(355, 29, '5', '14:00', '2024-07-11 08:16:51', '2024-07-11 08:16:51'),
(356, 29, '5', '14:30', '2024-07-11 08:16:51', '2024-07-11 08:16:51'),
(357, 29, '5', '15:00', '2024-07-11 08:16:51', '2024-07-11 08:16:51'),
(358, 29, '5', '15:30', '2024-07-11 08:16:51', '2024-07-11 08:16:51'),
(359, 29, '5', '16:00', '2024-07-11 08:16:51', '2024-07-11 08:16:51'),
(360, 29, '5', '16:30', '2024-07-11 08:16:51', '2024-07-11 08:16:51'),
(361, 29, '5', '17:00', '2024-07-11 08:16:51', '2024-07-11 08:16:51'),
(362, 29, '6', '08:00', '2024-07-11 08:16:51', '2024-07-11 08:16:51'),
(363, 29, '6', '08:30', '2024-07-11 08:16:51', '2024-07-11 08:16:51'),
(364, 29, '6', '09:00', '2024-07-11 08:16:51', '2024-07-11 08:16:51'),
(365, 29, '6', '09:30', '2024-07-11 08:16:51', '2024-07-11 08:16:51'),
(366, 29, '6', '10:00', '2024-07-11 08:16:51', '2024-07-11 08:16:51'),
(367, 29, '6', '10:30', '2024-07-11 08:16:51', '2024-07-11 08:16:51'),
(368, 29, '6', '11:00', '2024-07-11 08:16:51', '2024-07-11 08:16:51'),
(369, 29, '6', '11:30', '2024-07-11 08:16:51', '2024-07-11 08:16:51'),
(372, 29, '6', '13:00', '2024-07-11 08:16:51', '2024-07-11 08:16:51'),
(373, 29, '6', '13:30', '2024-07-11 08:16:51', '2024-07-11 08:16:51'),
(374, 29, '6', '14:00', '2024-07-11 08:16:51', '2024-07-11 08:16:51'),
(375, 29, '6', '14:30', '2024-07-11 08:16:51', '2024-07-11 08:16:51'),
(376, 29, '6', '15:00', '2024-07-11 08:16:51', '2024-07-11 08:16:51'),
(377, 29, '6', '15:30', '2024-07-11 08:16:51', '2024-07-11 08:16:51'),
(378, 29, '6', '16:00', '2024-07-11 08:16:51', '2024-07-11 08:16:51'),
(379, 29, '6', '16:30', '2024-07-11 08:16:51', '2024-07-11 08:16:51'),
(380, 29, '6', '17:00', '2024-07-11 08:16:51', '2024-07-11 08:16:51');

--
-- Indexes for dumped tables
--

--
-- Indexes for table `failed_jobs`
--
ALTER TABLE `failed_jobs`
  ADD PRIMARY KEY (`id`),
  ADD UNIQUE KEY `failed_jobs_uuid_unique` (`uuid`);

--
-- Indexes for table `migrations`
--
ALTER TABLE `migrations`
  ADD PRIMARY KEY (`id`);

--
-- Indexes for table `navbat`
--
ALTER TABLE `navbat`
  ADD PRIMARY KEY (`id`);

--
-- Indexes for table `password_resets`
--
ALTER TABLE `password_resets`
  ADD PRIMARY KEY (`email`);

--
-- Indexes for table `personal_access_tokens`
--
ALTER TABLE `personal_access_tokens`
  ADD PRIMARY KEY (`id`),
  ADD UNIQUE KEY `personal_access_tokens_token_unique` (`token`),
  ADD KEY `personal_access_tokens_tokenable_type_tokenable_id_index` (`tokenable_type`,`tokenable_id`);

--
-- Indexes for table `users`
--
ALTER TABLE `users`
  ADD PRIMARY KEY (`id`),
  ADD UNIQUE KEY `users_email_unique` (`email`);

--
-- Indexes for table `vaqt`
--
ALTER TABLE `vaqt`
  ADD PRIMARY KEY (`id`);

--
-- AUTO_INCREMENT for dumped tables
--

--
-- AUTO_INCREMENT for table `failed_jobs`
--
ALTER TABLE `failed_jobs`
  MODIFY `id` bigint(20) UNSIGNED NOT NULL AUTO_INCREMENT;

--
-- AUTO_INCREMENT for table `migrations`
--
ALTER TABLE `migrations`
  MODIFY `id` int(10) UNSIGNED NOT NULL AUTO_INCREMENT, AUTO_INCREMENT=8;

--
-- AUTO_INCREMENT for table `navbat`
--
ALTER TABLE `navbat`
  MODIFY `id` int(11) UNSIGNED NOT NULL AUTO_INCREMENT, AUTO_INCREMENT=17;

--
-- AUTO_INCREMENT for table `personal_access_tokens`
--
ALTER TABLE `personal_access_tokens`
  MODIFY `id` bigint(20) UNSIGNED NOT NULL AUTO_INCREMENT;

--
-- AUTO_INCREMENT for table `users`
--
ALTER TABLE `users`
  MODIFY `id` bigint(20) UNSIGNED NOT NULL AUTO_INCREMENT, AUTO_INCREMENT=30;

--
-- AUTO_INCREMENT for table `vaqt`
--
ALTER TABLE `vaqt`
  MODIFY `id` bigint(20) UNSIGNED NOT NULL AUTO_INCREMENT, AUTO_INCREMENT=400;
COMMIT;

/*!40101 SET CHARACTER_SET_CLIENT=@OLD_CHARACTER_SET_CLIENT */;
/*!40101 SET CHARACTER_SET_RESULTS=@OLD_CHARACTER_SET_RESULTS */;
/*!40101 SET COLLATION_CONNECTION=@OLD_COLLATION_CONNECTION */;
